fname,lname,uid,phone,address
Cynthia,Morgan,1,616-991-1278,4488 Corben Plaza
Ann,Phillips,2,490-274-6361,38029 Nancy Park
Robert,Stone,3,778-834-7995,7 Wayridge Terrace
Scott,Hawkins,4,587-326-7250,690 Onsgard Trail
Gloria,Palmer,5,315-897-8937,82 Green Junction
Russell,Diaz,6,670-333-6365,7 Bunker Hill Crossing
Joseph,Sims,7,549-957-2577,9679 Waubesa Terrace
Janice,Weaver,8,926-980-1047,5 Fuller Drive
Ann,Larson,9,377-558-2829,43679 Vahlen Center
Michael,James,10,897-908-8637,11 Westridge Hill
Janet,Wallace,11,550-366-0797,691 Gateway Road
Bobby,Rice,12,948-323-7428,62 Fairfield Parkway
Gary,Kim,13,074-228-5431,1856 Fairfield Street
Carolyn,Weaver,14,910-415-0216,5 Dwight Drive
David,Reed,15,470-502-4553,797 Sheridan Point
Marilyn,Welch,16,481-368-2774,61 Holmberg Point
Nancy,Armstrong,17,054-704-9218,49 Golf Crossing
Aaron,Hanson,18,399-567-0359,7 Mallard Road
Ruby,Freeman,19,215-954-5066,58226 Hoepker Park
Kimberly,Morris,20,578-736-5059,9 Havey Court
Harry,Howard,21,270-635-3967,6 Redwing Park
Billy,Green,22,877-315-1205,85 Monterey Circle
Jesse,Cruz,23,435-146-3136,5562 Becker Crossing
Bonnie,Richardson,24,625-142-6234,65 Golf Street
Antonio,George,25,830-685-1400,003 Coleman Plaza
Scott,Rice,26,815-552-7559,0 Utah Center
Paula,Walker,27,169-660-2908,7611 Warrior Plaza
Alan,Stanley,28,835-120-6892,3 Michigan Way
Gary,Bishop,29,005-376-0185,13 Commercial Terrace
Bruce,Howell,30,009-789-8617,31 Bashford Crossing
Jose,Phillips,31,064-603-9013,90 Mandrake Drive
Gary,Reynolds,32,965-692-5024,9169 Straubel Alley
Eugene,Knight,33,891-347-8793,7841 Hauk Plaza
Kathy,Taylor,34,993-433-1977,083 Towne Drive
Frances,Turner,35,695-400-1591,32045 7th Center
Peter,Gilbert,36,161-690-5854,9706 Dawn Crossing
Joseph,Dunn,37,810-467-0868,254 Ramsey Place
Sharon,Riley,38,904-385-6876,717 Buena Vista Circle
Jeffrey,Garza,39,103-105-5901,73 Debra Way
Russell,Gutierrez,40,447-809-6347,916 Bluestem Lane
Kimberly,Scott,41,837-127-8629,07479 Armistice Junction
Laura,Torres,42,750-592-9858,3991 Sheridan Court
Benjamin,Henry,43,295-008-1513,22 Farwell Court
Elizabeth,Weaver,44,843-703-1123,313 Dorton Avenue
Joyce,Lewis,45,911-558-4904,0 Victoria Lane
Gloria,Hawkins,46,689-959-9875,150 Acker Point
Amanda,Franklin,47,059-092-7807,98 Corben Avenue
Amy,Burns,48,877-380-0525,711 Aberg Alley
Cheryl,Oliver,49,344-009-1871,96 Dawn Crossing
Patrick,Collins,50,909-409-0997,87297 Shelley Drive
Carlos,Shaw,51,044-322-1852,1 Oakridge Plaza
Rachel,Walker,52,433-605-2745,94 American Ash Way
Stephanie,Clark,53,988-592-5829,6 Melvin Trail
Gloria,Hudson,54,093-455-1205,95 Shasta Lane
Shirley,Day,55,963-004-0721,9721 Ridgeview Pass
Christina,Day,56,159-071-3899,13894 Dayton Center
Julia,Meyer,57,311-400-3709,89 Graedel Parkway
Michelle,Fields,58,466-321-2887,1 Duke Parkway
Anna,Flores,59,203-752-4681,6 Miller Drive
Ernest,Hudson,60,212-637-4788,981 Jenifer Trail
Eric,Hayes,61,710-941-2927,0082 Forest Dale Avenue
Gary,Lynch,62,258-476-3614,27169 Westridge Point
Ruby,Ray,63,319-254-8669,72035 Arapahoe Point
Jane,Hall,64,131-110-1705,86702 Meadow Ridge Alley
Catherine,Burton,65,739-131-9981,57568 Clarendon Pass
Gregory,Harris,66,986-441-8466,3395 Division Park
Cheryl,Kelly,67,129-443-5238,953 Roth Place
Katherine,Owens,68,610-508-2116,76462 Reindahl Junction
Jacqueline,Austin,69,096-882-4115,59 Esch Drive
Susan,Lane,70,577-541-2597,49176 Eastwood Lane
Melissa,Weaver,71,667-327-1700,61092 Golf Trail
Ruth,Peters,72,061-902-0009,7501 Northfield Hill
Ruby,Watson,73,343-483-0772,25418 Schiller Parkway
Marilyn,Gordon,74,618-244-8449,17 Kropf Way
Peter,Davis,75,156-908-2710,86 Bunker Hill Park
Anne,White,76,098-006-6364,0 Green Hill
Billy,Mcdonald,77,326-576-2005,2424 Dixon Lane
Craig,Hughes,78,174-078-9090,4 Sage Center
Phillip,Hunter,79,605-288-3550,71904 Starling Lane
Willie,George,80,684-591-9950,36 Lotheville Junction
Angela,Gomez,81,583-165-5514,0218 Continental Place
Elizabeth,Watson,82,540-074-4260,30 Caliangt Way
Tammy,Phillips,83,895-212-2262,91 Waywood Junction
Joyce,Greene,84,789-798-3862,4 Sunnyside Pass
Donna,Fields,85,976-830-5673,613 Red Cloud Street
Heather,Ray,86,313-686-3576,16380 Becker Terrace
Carol,Gilbert,87,594-101-3640,5 Dahle Junction
Juan,Cole,88,549-822-6517,9136 Debra Point
Earl,Rodriguez,89,113-852-1532,8548 Old Gate Terrace
Joan,Knight,90,348-287-4340,0215 Pearson Place
Maria,Stanley,91,692-697-4910,732 Hallows Terrace
Carlos,West,92,050-300-9131,370 Debra Drive
Joan,Grant,93,937-481-9057,18 Cherokee Circle
David,Payne,94,560-312-8785,72 Crescent Oaks Place
Brenda,Bryant,95,837-470-4405,692 Anderson Center
Dorothy,Griffin,96,700-120-7622,016 Steensland Plaza
Kevin,Gordon,97,218-583-8385,38493 Artisan Circle
Howard,Wright,98,044-748-4910,4224 Chive Place
David,Nguyen,99,103-797-9023,7604 Moose Parkway
Mary,Morgan,100,627-609-8811,7 Cardinal Plaza
Dennis,Peterson,101,526-644-3258,8 Carberry Pass
Debra,Snyder,102,463-521-8548,140 Main Avenue
Patrick,Stevens,103,703-437-5735,761 Corben Way
Jimmy,Ferguson,104,907-639-0621,104 Comanche Plaza
Willie,Willis,105,342-219-3912,98115 Almo Drive
Virginia,Bell,106,949-309-4825,271 Dottie Lane
Cynthia,Franklin,107,961-696-7497,371 Brickson Park Parkway
Elizabeth,Alvarez,108,012-997-0896,1819 Victoria Alley
Lois,Rivera,109,286-526-9779,60 Forest Run Pass
James,Hayes,110,040-854-8851,34208 Elgar Drive
Joe,Long,111,618-584-1979,4 Brown Court
Lisa,Lawson,112,478-405-6616,1 Waywood Place
Carl,Fox,113,385-803-5638,618 Portage Drive
Joshua,Burton,114,811-731-5997,07 Raven Hill
Andrew,Smith,115,678-984-2638,2 Linden Alley
Wanda,Fernandez,116,108-777-2661,40857 Amoth Road
Willie,Garza,117,479-782-9938,07196 Anthes Way
Justin,Sims,118,844-873-4319,4 Rowland Park
Sarah,Long,119,596-132-1863,7661 Bluestem Pass
Cheryl,Ruiz,120,929-194-2282,10 Spohn Road
Gerald,Boyd,121,801-012-4551,94 Miller Lane
Scott,Kennedy,122,965-177-0748,90 Daystar Point
Norma,Jackson,123,173-076-9146,846 Donald Lane
Andrew,Griffin,124,910-468-3322,10 Lerdahl Hill
Stephanie,Johnson,125,402-305-1283,8 Mayer Plaza
Randy,Vasquez,126,067-406-9573,8174 Bashford Drive
Phillip,Murray,127,270-111-2612,59 Sugar Avenue
Andrea,Ruiz,128,485-169-7421,2 Summit Trail
Kevin,Washington,129,543-494-2330,7957 Huxley Plaza
Keith,Hunt,130,186-846-1138,22122 Carioca Plaza
Arthur,Burns,131,192-006-2212,480 Swallow Drive
Robin,Jenkins,132,791-975-6392,4 Northview Plaza
Justin,Webb,133,124-357-4450,323 Schmedeman Crossing
Kathy,Collins,134,797-391-4552,9356 Union Way
Walter,Scott,135,305-246-9753,34 Prairie Rose Circle
Nicole,Rodriguez,136,775-938-3198,699 Sachtjen Trail
Tammy,Garza,137,977-508-0624,444 Duke Circle
Anthony,Arnold,138,557-341-8155,5305 7th Center
Linda,Johnson,139,012-845-0341,7 Clyde Gallagher Plaza
Antonio,Stewart,140,245-535-1853,9585 Marquette Pass
Denise,Dixon,141,430-401-3160,49999 Parkside Way
Nicole,Miller,142,319-618-2872,83268 Shoshone Lane
Rachel,Robinson,143,392-135-4815,4 Lake View Parkway
Lisa,Phillips,144,015-240-8490,94515 Brentwood Pass
Carolyn,Ruiz,145,768-154-1939,24073 Russell Crossing
Lori,Ryan,146,374-166-3415,5898 Emmet Parkway
Steven,Harper,147,106-887-0936,8332 Schlimgen Road
Joyce,Holmes,148,708-105-6169,3998 Stone Corner Trail
Chris,Romero,149,229-967-3439,65 Buhler Center
Paula,Richardson,150,730-929-8376,71321 Macpherson Terrace
Martha,Nelson,151,451-120-5399,549 Comanche Court
Heather,Jordan,152,048-201-4064,7 Oakridge Terrace
Doris,Little,153,422-123-4507,4 Norway Maple Drive
Christopher,Garcia,154,369-945-4004,32082 Vermont Drive
Bruce,Stephens,155,179-237-5636,4 Autumn Leaf Road
Johnny,Ruiz,156,908-204-8786,44041 Gale Parkway
Amy,Fox,157,023-011-3143,01 Dawn Alley
Carolyn,Kelly,158,466-366-6645,89 Warbler Place
Lori,Ruiz,159,236-498-8598,0 Susan Avenue
Tina,Bell,160,180-559-2800,3 Summerview Way
Patrick,Wheeler,161,822-747-3226,9407 Orin Avenue
Helen,Kelly,162,637-355-9078,9 Spohn Center
Kevin,Phillips,163,475-849-2733,2 Ruskin Park
Mildred,Long,164,326-354-2199,3 Helena Avenue
Julie,Jordan,165,403-264-6484,0 Northview Center
Linda,Rice,166,585-109-1342,1245 Heath Pass
Patrick,Thompson,167,656-521-0698,32263 Pankratz Avenue
Joe,Henry,168,195-603-5265,0 Messerschmidt Parkway
Joe,Pierce,169,472-944-8512,7 Namekagon Circle
Anthony,Crawford,170,112-623-3217,27 4th Parkway
Paula,Chavez,171,691-609-1005,9713 Ridgeway Park
Marie,Greene,172,138-175-5673,22 Mendota Avenue
Kathleen,Nichols,173,675-526-4402,76 Clemons Court
Kathleen,Lewis,174,483-897-2831,4 Heffernan Avenue
Matthew,Garrett,175,334-581-6621,359 Shopko Place
Dorothy,Lane,176,226-824-5367,4 Tennyson Place
Peter,Reyes,177,013-500-0819,0566 Clyde Gallagher Lane
Carl,Greene,178,777-344-0348,588 Marcy Way
Terry,Freeman,179,764-439-4061,36558 Dayton Trail
Ruby,Gordon,180,829-196-1709,43 Summit Parkway
Dennis,Jacobs,181,483-306-2269,7333 Union Drive
Arthur,Banks,182,085-466-8292,2 Morning Avenue
Melissa,Nguyen,183,279-831-5009,0958 Fallview Circle
Terry,Crawford,184,190-821-9575,59956 South Plaza
Juan,Ruiz,185,464-188-1159,8 Wayridge Pass
Amanda,Johnson,186,449-147-8521,91182 Esch Plaza
Betty,Hunt,187,238-849-2985,8605 Bowman Lane
Charles,Foster,188,409-015-6672,39007 Morrow Pass
Louis,Kelley,189,370-869-2589,60060 Troy Lane
Bobby,Cruz,190,212-544-4613,73711 Fremont Crossing
Clarence,Elliott,191,783-997-7902,01611 Kim Road
Ralph,Nelson,192,826-970-3524,8 Sloan Road
Carlos,Frazier,193,574-205-2354,955 Goodland Terrace
Denise,Stevens,194,347-848-2002,733 Autumn Leaf Crossing
Bruce,Hamilton,195,016-335-3944,15880 Canary Drive
Jeffrey,James,196,282-213-8984,73 Atwood Drive
Todd,Griffin,197,231-045-5394,46127 Sundown Street
Samuel,Tucker,198,144-387-2988,17 Hollow Ridge Hill
Chris,Morgan,199,829-983-9283,0 Waywood Trail
Doris,Castillo,200,079-695-9202,83 Summer Ridge Place
